date,item,title,authors,dollars,classification
2024-12-10,1,Minutes for Approval,,,8
2024-12-10,2,Contract: CVL Economics for a Study of the Economic Impact of the Arts in Berkeley,,"$119,300.00",3
2024-12-10,3,Contract: Kala Art Institute for Framed Artwork Purchase Plan for City Buildings,,"$50,000.00",3
2024-12-10,4,Contract: Masako Miki Public Artwork Commission for Aquatic Park Pathway Wall,,"$87,000.00",2
2024-12-10,5,"Formal Bid Solicitations and Request for Proposals Scheduled for Possible Issuance After Council Approval on December 10, 2024",,,8
2024-12-10,6,Establish Classification and Salary – Senior Paralegal,,"$218,828.00",2
2024-12-10,7,Revise Job Class Specifications – Communications Specialist,,,2
2024-12-10,8,Personnel Rule 9.03 Revision: Promotion Through a Non-Competitive Process,,,9
2024-12-10,9,Contract No. 32400151 Amendment: SDR Consulting for Classification and Compensation Services,,"$150,000.00",2
2024-12-10,10,"Accept Grant Funds from the U.S. Department of Energy’s Zero Codes Award and contract with City and County of San Francisco to develop, implement, and enforce Building Performance Standards",,"$5,729,943.00",1
2024-12-10,11,"Contract No. 112219-1 Amendment: Siemens Industry, Inc. for Fire and Life Safety Systems Maintenance",,"$800,000.00",1
2024-12-10,12,Contract: Terocons Inc. for Sacramento Street Pedestrian Safety Project,,"$973,638.00",1
2024-12-10,13,"Contract No. 32000078 Amendment: DC Electric Group, Inc for On-Call Electrical Services",,"$975,000.00",8
2024-12-10,14,"Contract: Stommel Inc., dba Lehr for Hybrid Police Patrol Vehicles Supplies, Equipment, and Installation Services",,"$400,000.00",1
2024-12-10,15,Purchase Order: Braun Northwest Inc. for Two (2) 2025 Ford F-450 North Star Engine Remount of Ambulance Bodies to New Chassis,,"$430,000.00",8
2024-12-10,16,"Agreement Regarding Allocation of Costs for Railroad Crossing Improvements for W-SW WBLS West Owner IX, L.P., a California limited liability company and the City",,,8
2024-12-10,17,Grant Applications: Metropolitan Transportation Commission Housing Incentive Pool,,"$4,950,000.00",2
2024-12-10,18,"Establishing a New Schedule of Fines and Late Payment Penalties for Parking Violations; and Rescinding Resolution No. 70,924-N.S.",,,2
2024-12-10,19,City Council Committee and Regional Body Appointments,,,8
2024-12-10,1,"Confirming the Results of the November 5, 2024, General Municipal Election",,,8
2025-01-21,5,Contract No. 32400129 Amendment: IGM Technology Corporation for Digital Budget Book Services,,"$130,406.00",8
2025-01-21,6,"Contract with Records Xpress of California, LLC dba Access Information Management for Offsite Records Management Services",,"$330,000.00",8
2025-01-21,7,Contract: Julie W. Chang Public Artwork Commission for Willard Clubhouse,,"$150,000.00",2
2025-01-21,8,"Acceptance of a $40,000 Grant from the National Endowment for the Arts to enhance Civic Arts Grant Programing",,"$120,000.00",8
2025-01-21,9,"Formal Bid Solicitations and Request for Proposals Scheduled for Possible Issuance After Council Approval on January 21, 2025",,,8
2025-01-21,10,Authorized Agent Update for FEMA Public Assistance,,,8
2025-01-21,11,Contract No. 32100126 Amendment: Anjanette Scott LLC for Housing Consultant Services,,"$235,000.00",3
2025-01-21,12,Housing Trust Fund Recommendations for the Martin Luther King Jr. House Predevelopment Funds and Haste Street Rehabilitation Funds,,"$820,000.00",3
2025-01-21,13,"Contract No(s) 32400134, 32400135 and 32400145 Amendment: As- Needed Derelict Vessel/Debris Removal and Disposal Services at the Berkeley Marina",,"$272,000.00",2
2025-01-21,14,Contract No. 32100143 Amendment: ACTC/Caltrans for Construction of Gilman Street Sanitary Sewer Line Extension,,"$892,000.00",2
2025-01-21,15,Donation from the Friends of the Berkeley Animal Care Shelter,,"$16,000.00",3
2025-01-21,16,Contract - Benchmark Analytics for Early Intervention System Platform,,"$600,000.00",2
2025-01-21,17,Contract No. 100692-5 Amendment:  Serological Research Institute for DNA Testing Services,,"$7,000,000.00",9
2025-01-21,18,Contract No. 31900143 Amendment: Passport Labs Incorporated for a Parking Management System,,"$9,365,545.00",8
2025-01-21,19,"Agreements with Union Pacific Railroad for Reimbursement for Construction of Safety Improvements for Pedestrians, Cyclists and Vehicular Traffic at Addison and Bancroft railroad crossings",,,2
2025-01-21,20,Purchase Order: California Automotive Retailing Group dba Dublin Chevrolet for Two 2025 Chevrolet Blazer EV Police Pursuit Vehicles,,"$220,000.00",2
2025-01-21,21,Appointment of Lisa Teague to the Mental Health Commission,,,9
2025-01-21,22,"Seating Arrangement for the Council, Vice Mayor Term Revision, Mayoral Appointment to City/UC/Student Relations Committee, and 2025 Council Appointments",Ishii,,8
2025-02-11,1,Minutes for Approval,,,8
2025-02-11,2,"Formal Bid Solicitations and Request for Proposals Scheduled for Possible Issuance After Council Approval on February 11, 2025",,,8
2025-02-11,3,"Contract No. 32300108 Third Amendment: Street Level Advisors, LLC for Housing Consulting Services",,"$559,500.00",9
2025-02-11,4,Program Manager II Classification: 5% Differential for Assignment in City Manager’s Office,,,3
2025-02-11,5,"Contract No. 32000223 Amendment: Gray Quarter, Inc. for Accela Professional Services",,"$539,500.00",9
2025-02-11,6,"Resolution in Support of the Commissioning of a California Feasibility Study to Implement “Golden State Energy,” a Not-for-Profit Public Utility Model","Tregub, LunaParra",,9
2025-02-11,7,Refer to City Manager study of intersections with traffic diverters,Humbert,,2
2025-02-25,1,Minutes for Approval,,,8
2025-02-25,2,"Grant Application: National Endowment for the Arts Grant ($150,000)",,"$150,000.00",8
2025-02-25,3,"Formal Bid Solicitations and Request for Proposals Scheduled for Possible Issuance After Council Approval on February 25, 2025",,,8
2025-02-25,4,Contract: Forster & Kroeger Landscape Maintenance for Chipping Services,,"$1,400,000.00",2
2025-02-25,5,"Contract No. 32300185 Amendment: JSI Research & Training Institute, Inc. for Community Health Assessment, Innovation, and Improvement Plan Consultant",,"$299,413.00",9
2025-02-25,6,Berkeley Police Association – Amendments to Retiree Medical Benefits,,,2
2025-02-25,7,***Item Removed by the City Manager*** Contract No. 32000118 Amendment: Nexgen Asset and Work Order Management Software Maintenance,,,8
2025-02-25,8,"Contract No. 105921-1 Amendment: TruePoint Solutions, LLC for Professional Services",,"$1,657,200.00",2
2025-02-25,9,Contract: Ashlar Structural LLC for Strawberry Creek Culvert Maintenance Project – Phase 1 (Specification No. 25-11689-C),,"$4,544,232.00",2
2025-02-25,10,"Contract: Mark Lee and Yong Kay, Inc., DBA Bay Construction Co. for Fire Station #2 Improvements Project",,"$1,288,000.00",8
2025-02-25,11,Contract No. 32500082 Amendment: Telegraph Property and Business Management Corporation,,"$150,000.00",8
2025-02-25,12,Contract No. 32500098 Amendment: Pacific Site Management: Landscaping Services for Public Works Department,,"$450,000.00",8
2025-02-25,13,"Supporting the Free and Safe Passage of Whales, Sea Turtles, and other Marine Animals in the San Francisco Bay Area’s Coastal Waters and the State Of California’s Vision Zero Target of Zero Mortality for Whales and Sea Turtles",LunaParra,,9
2025-03-11,1,Inclusionary Housing Ordinance In-Lieu Fee,,,2
2025-03-11,2,Zoning Ordinance Amendments to Title 23 of the Berkeley Municipal Code for Consistency with State Law Related to Electric Vehicle Charging and Technical Edits,,,8
2025-03-11,3,Police Accountability Board – Appointment of New Member,,,9
2025-03-11,4,2025 Updated Commissioners’ and Board Members’ Manual,,,8
2025-03-11,5,Contract: Edgeworth Integration LLC to Purchase and Provide Installation of New Security System Server at Berkeley Animal Care Services,,"$57,908.00",3
2025-03-11,6,"Formal Bid Solicitations and Request for Proposals Scheduled for Possible Issuance After Council Approval on March 11, 2025",,,8
2025-03-11,7,Annual Purchase Orders for L.N. Curtis and Sons: Fire Department,,"$1,370,324.00",1
2025-03-11,8,Contract No. 32400177 Amendment: Health Officer Coverage Contract – Dr. Lisa B. Hernandez,,"$240,000.00",2
2025-03-11,9,"Joint Homekey+ Application for MLK House at 2942-44 Martin Luther King, Jr. Way",,,2
2025-03-11,10,Authorize Integration of BUSD Preferences with the City of Berkeley’s Housing Preference Policy for BUSD Workforce Housing Project (1701 San Pablo),,,8
2025-03-11,11,"Salary Adjustments – Deputy Director of Public Works (Unrepresented) and Deputy Director of Health, Housing, and Community Services (Unrepresented)",,$217.00,2
2025-03-11,12,"Berkeley Fire Fighters Association – Side Letters Pertaining to Probationary Periods, Pre-Promotional Academies, and Vacation Slots",,,8
2025-03-11,13,Berkeley Chief Fire Officers Association Side Letter – Battalion Coverage,,,8
2025-03-11,14,A Referral to the City Manager to make a recommendation for further Council action: Transfer Tax Exemption for 100% Affordable Housing Projects,Tregub,,2
2025-03-11,15,Referral to 4 x 4 Committee: Removing On-Site Manager Exemption Loophole for Certain Multi-Family Properties that are Adjacent and/or Share the Same Common Area,,,2
2025-03-11,16,First Year Free - Fill Empty Storefronts Act,,,2
2025-03-18,1,"Contract No. 31900122-1 Amendment: Rolling Orange, Inc. for Website Maintenance and Support",,"$914,300.00",2
2025-03-18,2,Contract: Pride Industries for Citywide Custodial Services,,"$5,500,000.00",2
2025-03-18,3,"Contract: SubTerra Construction, Inc. for Adeline St, Shattuck Ave., Oxford St., Fulton St., University Ave., Kala Bagai Way, and Woolsey St.; Sewer Rehabilitation Project",,"$10,227,608.00",1
2025-03-18,4,"Contract No. 32400141 Amendment: Mercury Associates, Inc. for Fleet Consulting Services",,"$325,000.00",2
2025-03-18,5,Contract: APB General Engineering for Urgent Sewer Repair FY2025 Project,,"$513,720.00",1
2025-03-18,6,Fiscal Year 2026 Street Lighting Assessments – Initiating Proceedings,,,8
2025-03-18,7,Establishing a Measure FF SAFE STREETS Citizen Oversight Committee,,,2
2025-03-18,8,California Triathlon Club: Relinquishment of Council Office Budget Funds to General Fund and Grant of Such Funds,LunaParra,"$1,000.00",3
2025-03-25,1,Proposed Amendments to the Building Emissions Saving Ordinance (BESO); Amending Berkeley Municipal Code Chapter 19.81,,,2
2025-03-25,2,Adopt an Ordinance to Prohibit the Sale or Use of Pricing Algorithms to Set Rents or Manage Occupancy Levels for Residential Dwelling Units; Adding Berkeley Municipal Code Chapter 13.63,,,2
2025-03-25,3,Minutes for Approval,,,8
2025-03-25,4,"Formal Bid Solicitations and Request for Proposals Scheduled for Possible Issuance After Council Approval on March 25, 2025",,,8
2025-03-25,5,Contract No. 32000118 Amendment: NEXGEN Asset and Work Order Management Software Maintenance,,"$3,953,823.00",8
2025-03-25,6,Contracts: On-Call Landscape Architectural Services for Capital Improvement Projects,,"$2,250,000.00",8
2025-03-25,7,Adopt a Mitigated Negative Declaration for the Tom Bates Regional Sports Complex Restroom and Community Space Project,,,2
2025-03-25,1,Amend Memorandums of Understanding for Represented Employee Groups to Include Cesar Chavez Day as a Paid City Holiday,,,8
2025-04-15,1,Proposed Amendments to the Building Emissions Saving Ordinance (BESO); Amending Berkeley Municipal Code Chapter 19.81,,,2
2025-04-15,2,"Establishment of M-RD Zoning District, Associated General Plan and West Berkeley Plan Amendments, and Environmental Impact Report",,,2
2025-04-15,3,Police Accountability Board – Appointment of New Member,,,9
2025-04-15,4,"Contract: University of California, San Francisco for Encampment Resolution Funding Research Evaluation",,"$200,000.00",1
2025-04-15,5,"Formal Bid Solicitations and Request for Proposals Scheduled for Possible Issuance After Council Approval on April 15, 2025",,,8
2025-04-15,6,Contract No. 32200086 Amendment: Crisis Services of Alameda County for Mental Health Crisis Line,,"$150,001.00",2
2025-04-15,7,Contract No. 32200191 Amendment: Options Recovery for Substance Use Disorder Services Co-Location,,"$1,500,000.00",2
2025-04-15,8,Contract No. 32000177 Amendment NextRequest PRA Software,,"$255,573.00",2
2025-04-15,9,Purchase Order with Multiquip Inc. for a Portable Emergency Power Generator for Berkeley Tuolumne Family Camp,,"$116,766.00",1
2025-04-15,10,Proclamation of the City of Berkeley Designating April 17 as Police Accountability Day,,,3
2025-04-15,12,Referral to City Attorney for Sanctuary City Ordinance,Ishii,,9
2025-04-15,13,Budget Referral: Ohlone Greenway Safety Improvements Project Unfunded Balance,Kesarwani,"$5,450,000.00",2
2025-04-15,14,"Establish Rules and Limits When Community-Based Organizations Receive City Funding Without Procurement to Promote Transparency, Fairness, and Stewardship of Public Funds",Kesarwani,"$275,000.00",2
2025-04-15,15,Celebración Cultural Sylvia Mendez (Spring Cultural Celebration) by the Sylvia Mendez School PTA: Relinquishment of Council Office Budget Funds to General Fund and Grant of Such Funds,Bartlett,"$1,500.00",3
2025-04-15,16,"Resolution Commemorating April 24, 2025, as Berkeley Holocaust Remembrance Day","Tregub, OKeefe, Humbert",,3
2025-04-15,17,Relinquishment of Council Office Budget Funds from General Funds and Grant of Such Funds to 2025 Virtual Holocaust Remembrance Day Program,"Tregub, OKeefe, Humbert","$2,500.00",3
2025-04-15,18,"Resolution in Support of California Senate Bill 42 (Umberg, Allen) California Fair Elections Act of 2026 to Amend Sections 85300 and 85320 of the Government Code, relating to the Political Reform Act of 1974.",Tregub,,9
2025-04-15,19,Budget Referral for Thousand Oaks Park Playground Update,OKeefe,"$80,000.00",2
2025-04-15,20,Study: Sabbatical Leave for City of Berkeley Employees,,,9
2025-04-15,21,Music in the Elmwood Festival: Relinquishment of Council Office Budget Funds to General Fund and Grant of Such Funds,Humbert,"$2,000.00",3
2025-04-15,22,Age-Friendly Berkeley Update,,,9
2025-04-15,23,Climate Action Plan and Resilience Update,,,3
2025-04-15,24,Notice of Decision: 21 Mosswood Road/#LMIN2024-0007,,,8
2025-04-15,25,Notice of Decision: 2138 Cedar Street/#LMSAP2024-0008,,,8
2025-04-15,26,Notice of Decision: 2231 McKinley Avenue/#LMIN2024-0005,,,8
2025-04-15,27,Notice of Decision: 2425 Durant Avenue/#LMIN2024-0008,,,8
2025-04-15,28,Environment and Climate Commission 2025 Work Plan,,,3
2025-04-15,29,Police Accountability Board Recommendation: Former Board Member Recognition,,,9
2025-04-15,30,City Auditor’s Office 2024 Peer Review Results,,,2
2025-04-29,1,Minutes for Approval,,,8
2025-04-29,2,"Formal Bid Solicitations and Request for Proposals Scheduled for Possible Issuance After Council Approval on April 29, 2025",,,8
2025-04-29,3,Contract: Public Consulting Group for Professional Services,,"$800,000.00",2
2025-04-29,4,Amend Berkeley Police Association (BPA) MOU Section 19.5 Administrative Leave for Captains (50 hours increased to 60 hours),,,8
2025-04-29,5,Contract No. 31900270 Amendment: Dell Marketing LP (“Dell”),,"$10,983,790.00",2
2025-04-29,6,"New Contract: New Contract: Tyler Technologies, Inc. for Open Data Portal (ODP) Hosting Services",,"$171,323.00",2
2025-04-29,7,Adjustment to Police Accountability Board Stipend Cap Following AAO #1 Carryover Approval,,,2
2025-04-29,8,Contract No. 32200208 Amendment: West Coast Code Consultants for Plan Checking Services,,"$1,700,000.00",2
2025-04-29,9,Contract No. 32200207 Amendment: Telesis for Plan Checking Services,,"$1,700,000.00",2
2025-04-29,10,Purchase Order Amendment: Braun Northwest Inc. for Two (2) 2025 Ford F-450 North Star Engine Remount of Ambulance Bodies to New Chassis,,"$580,000.00",8
2025-04-29,11,Final Map of Tract 8717: 805 Jones Street,,,8
2025-04-29,12,"Contract: Bay Cities Paving & Grading, Inc. for FY 2025 Street Maintenance and Rehabilitation Project",,"$12,323,848.00",1
2025-04-29,13,Contract: Terocons Inc. for South Berkeley Bikeway and Bus Stop Improvements Project,,"$4,208,200.00",2
2025-04-29,14,Contracts: M&A Towing and City Towing for Towing Services,,"$300,000.00",8
2025-04-29,15,Budget Referral Funding Afterschool Program Expansion,Taplin,"$300,000.00",2
2025-04-29,16,Budget Referral Funding F and G Dock Deck Replacement,Taplin,"$250,000.00",2
2025-04-29,17,Berkeley Juneteenth Festival: Relinquishment of Council Office Budget Funds to General Fund and Grant of Such Funds,Bartlett,"$2,500.00",3
2025-04-29,18,Relinquishment of Council Office Budget Funds from General Funds and Grant of Such Funds to Bay Area Robotics Education Sustainability Alliance for the 2025 Berkeley High Robotics Team’s East Bay Regional Robotics Competition.,Tregub,$500.00,3
2025-04-29,19,Resolution: Opposition to Police Brutality and Use of Force on Nonviolent Protesters,,,9
2025-04-29,20,Letter in Support of SB 456: Muralist Exemption,OKeefe,,9
2025-04-29,21,Budget Referral: Deportation Defense Legal and Education Funds,Blackaby,"$200,000.00",9
2025-04-29,22,Adding ADA expertise to the SAFE STREETS Citizen Oversight Committee,Blackaby,,8
2025-04-29,23,Amend AB-645 (2023-2024) to add the City of Berkeley to California’s Automated Speed Enforcement Pilot,Blackaby,,2
2025-04-29,24,"Refer $25,000 to the June 2025 Mid-Biennial Budget Process to Partially Cover Street Spirit’s Operational and Programming Costs",LunaParra,"$25,000.00",9
2025-04-29,25,Supporting State and Regional Funding for Bay Area Public Transit,LunaParra,,2
2025-04-29,26,Resolution Supporting a State Budget Request for the CalFresh Fruit and Vegetable EBT Program and Endorsing AB 936 (CalFresh Fruit and Vegetable Supplemental Benefits Program),LunaParra,,9
2025-04-29,27,"Defer $150,000 referral for Round Park from Nov 2024 FY2025 AAO#1",Humbert,"$150,000.00",2
2025-05-06,1,Adoption of CALFIRE Map and Additional Areas Designated as the City of Berkeley Fire Hazard Severity Zones,,,8
2025-05-06,2,Re-Establishment of the Berkeley Tourism Business Improvement District,,,2
2025-05-06,3,Contract: Diablo Fire Safe Council for Home Hardening Donations,,,1
2025-05-06,4,Contract No. 32400192 Amendment: GovernmentJobs.com (dba NEOGOV) for Online Data Management Services,,"$108,884.00",2
2025-05-06,5,Reject All Bids and Re-Scope and Re-Bid the Work Associated with South Cove West Lot Repaving Project,,,2
2025-05-06,6,"Contract No. 32200042 Amendment: WCG, Inc. for Updates to the BESO Program’s Salesforce Software System",,"$224,750.00",2
2025-05-06,7,Contract No. 117441-1 Amendment: Chrisp Company for Painting Red Curbs to Enhance Compliance with California’s Daylighting Law (Assembly Bill 413),,"$2,001,149.00",2
2025-05-20,1,Adding an additional qualifying skillset for appointment to Measure FF Safe Streets Citizen Oversight Committee (SSCOC); Amending Berkeley Municipal Code Section 7.11.040,Blackaby,,2
2025-05-20,2,Amendment: FY 2025 Annual Appropriations Ordinance,,"$136,241,781.00",2
2025-05-20,3,Minutes for Approval,,,8
2025-05-20,4,"Contract Townsend Public Affairs, Inc. for Legislative and Funding Advocacy Strategy",,"$108,000.00",2
2025-05-20,5,Appointment of Director of Human Resources,,"$240,000.00",2
2025-05-20,6,"Formal Bid Solicitations and Request for Proposals Scheduled for Possible Issuance After Council Approval on May 20, 2025",,,8
2025-05-20,7,Contract No: 32300104 Amendment: The Village of Love for Telegraph Neighborhood Sacred Rest Drop-In Center,,"$1,250,000.00",9
2025-05-20,8,Funding Application: California Affordable Housing and Sustainable Communities Infrastructure in connection with the proposed North Berkeley BART Affordable Housing Project,,"$55,400,000.00",2
2025-05-20,9,Revenue Grant Agreements: Funding Support from the State of California and Alameda County to Conduct Public Health Services,,"$65,768.00",8
2025-05-20,10,Adopt a Resolution Establishing the Unrepresented Job Class Specification and Pay Scale of Fire Mechanic Lead,,$105.00,1
2025-05-20,11,Revise the Personnel Rules and Regulations to Add Section 9.02.1 Promotion – Salary Step Placement,,,2
2025-05-20,12,Revise SEIU-MC MOU Section 17.13 Special Class Commercial Driver’s License Premium to Add 5% for Out-of-Class Lists,,,2
2025-05-20,13,Revise Unrepresented Manual Section 13.19 to Add 5% Differential to Program Manager I Assigned to City Manager’s Office,,,2
2025-05-20,14,"Contract Amendment No. 10789: AMS.NET for Network Hardware, Installation and Professional Support services",,"$1,570,778.00",8
2025-05-20,15,Contract No. 084534-1 Amendment:  NextGen Health Care Information Systems Inc. for Electronic Health Records,,"$1,201,608.00",1
2025-05-20,16,Protiviti Government Services Inc (“Protiviti”): Using General Services Administration (“GSA”) Vehicle for Professional Services Purchase Orders,,"$900,000.00",2
2025-05-20,17,Purchase Order: Operation Pride for tennis programs and tournaments,,"$150,000.00",2
2025-05-20,18,Purchase Order: Samuel Kidane dba Life Long Tennis Academy,,"$270,000.00",2
2025-05-20,19,"Contract No. 32400029 Amendment: Baldoni Construction Services, Inc. for Echo Lake Camp Accessibility Upgrades",,"$676,953.00",1
2025-05-20,20,Contract No. 32400003 Amendment: Cooke & Associates Background Investigations,,"$860,000.00",2
2025-05-20,21,2024 Police Equipment and Community Safety Ordinance Annual Report,,,8
2025-05-20,22,"Contract: Shaw Integrated and Turf Solutions Inc., for Civic Center Building, Second Floor Carpet Replacement Project",,"$160,468.00",2
2025-05-20,23,"Contract No. 081671-1 (8318C) Amendment: RouteSmart Technologies, Inc. Software Maintenance",,"$260,743.00",8
2025-05-20,24,Declaration of Intent – Fiscal Year 2026 Street Lighting Assessments,,,8
2025-05-20,25,Authorization for City Manager to evaluate policies to accelerate building decarbonization,,,2
2025-05-20,26,Letter in Support of California State Senate Bill 692 (Arreguín) Relating to Vehicles and Homelessness,Taplin,,2
2025-05-20,27,A resolution recognizing the Middle Eastern and North African (MENA) community and urging support for Assembly Bill 91 — the “MENA Inclusion Act” (Harabedian),Tregub,,9
2025-05-20,28,Relinquishment of Council Office Budget Funds from General Funds and Grant of Such Funds to the annual Asian Cultural Festival,Tregub,"$1,750.00",3
2025-05-20,29,Alternative Housing Options for People Experiencing Homelessness,,,2
2025-06-03,1,Amendment: FY 2025 Annual Appropriations Ordinance,,"$143,999,781.00",2
2025-06-03,2,Police Accountability Board – Appointment of New Member,,,9
2025-06-03,3,"Grant Application: California Arts Council Grant ($30,000), for the Civic Arts Grant Program General Operating Support Category",,"$30,000.00",8
2025-06-03,4,"Formal Bid Solicitations and Request for Proposals Scheduled for Possible Issuance After Council Approval on June 3, 2025",,,8
2025-06-03,5,Notice of Appropriations Limit for Fiscal Year 2026,,,8
2025-06-03,6,Appointment of Public Health Officer – Dr. Noemi C. Doohan,,,2
2025-06-03,7,"Contract: SEP Technology Consulting, LLC for Environmental Health Database Migration to Accela Cloud",,"$325,000.00",2
2025-06-03,8,Revenue Grant Agreement: Funding Support from Essential Access Health to Conduct Public Health Services,,"$120,000.00",8
2025-06-03,9,"AHEAD, Inc (“AHEAD”): Using the California Department of General Services Software Licensing Program (“CDGS SLP”) for Software License Purchases",,"$2,917,373.00",2
2025-06-03,10,Contract No. 112798-1 Amendment: Geographic Technologies Group for Geographic Information System Professional Services,,"$1,749,411.00",8
2025-06-03,11,"Contract No. 32000281 Amendment: ConvergeOne for Avaya Administration, Maintenance and Support",,"$3,558,633.00",2
2025-06-03,12,"Contract No. 32400095 Amendment: Superion, LLC for AS400 Software Maintenance and Support",,"$901,500.00",8
2025-06-03,13,"Contract: CompuCom Systems, Inc. (“CompuCom”) for Professional Services",,"$1,051,000.00",1
2025-06-03,14,Contract 31900042 Amendment: CivicPlus for an Online Recreation Registration and Reservation System (CivicRec),,"$209,756.00",8
2025-06-03,15,"Contract: BayGreen, Inc. for Mobile Pumpout and Related Services",,"$693,246.00",2
2025-06-03,16,Contract: Cazadero Performing Arts Camp (CPAC) for Erosion Control Improvements,,"$200,000.00",2
2025-06-03,17,"Contract: E.F. Brett & Company, Inc. for MLK Jr. Youth Services Center/Y.A.P Seismic Retrofit and Renovation Project",,"$23,718,200.00",8
2025-06-03,18,Contract No. 32500009 Amendment: Dixon Resources Unlimited,,"$150,000.00",2
2025-06-03,19,Berkeley Humane 11th Annual Pints for Paws Fundraiser: Relinquishment of Council Office Budget Funds from General Funds and Grant of Such Funds,Taplin,"$1,000.00",3
2025-06-03,20,Relinquishment of Council Office Budget Funds from General Funds and Grant of Such Funds to Taste of Downtown Berkeley 2025 Event,Tregub,"$1,200.00",3
2025-06-03,21,"Resolution in Opposition to California Assembly Bill 942 (Calderon), Net energy metering: eligible customer-generators: tariffs",Tregub,,3
2025-06-03,22,Resolution Opposing the Removal of USPS Mailboxes at the Berkeley Main Post Office,Tregub,,3
2025-06-03,23,Resolution in Support of the Polluters Pay Climate Superfund Act Legislative Package – AB 1243 and SB 684,Tregub,,9
2025-06-03,24,Referral: Oxford for All,Tregub,"$400,000.00",9
2025-06-03,25,The Berkeley Baby Book Project: Relinquishment of Council Office Budget Funds from General Funds and Grant of Such Funds,Blackaby,$500.00,9
2025-06-17,1,Assessments: Downtown Berkeley Property Based Business Improvement District,,,2
2025-06-17,2,Assessments: North Shattuck Property Based Business Improvement District,,,2
2025-06-17,3,Assessments: Telegraph Property Based Business Improvement District,,,2
2025-06-17,4,Contract: Fine Art Service Provider - Chandra Cerrito/Art Advisors LLC - for Public Art Curation & Project Management Services,,"$100,000.00",2
2025-06-17,5,"Formal Bid Solicitations and Request for Proposals Scheduled for Possible Issuance After Council Approval on June 17, 2025",,,8
2025-06-17,6,Temporary Appropriations FY 2026,,"$60,000,000.00",8
2025-06-17,7,FY 2026 Tax Rate: Business License Tax on Large Non-Profits,,,8
2025-06-17,8,"FY 2026 Tax Rate: Fund the Debt Service on the Street and Watershed Improvements General Obligation Bonds (Measure M, November 2012 Election)",,,8
2025-06-17,9,"FY 2026 Tax Rate: Fund Debt Service on 2015 Refunding General Obligation Bonds (Measures G, S & I)",,,8
2025-06-17,10,FY 2026 Tax Rate: Fund the Provision of Emergency Medical Services (Paramedic Tax),,,8
2025-06-17,11,"FY 2026 Tax Rate: Fund Sustainable and Accountable Funding for Equitable Street Transformation, Revitalization, Enhancements, and Essential Traffic Safety (SAFE STREETS) (Measure FF)",,,8
2025-06-17,12,"FY 2026 Tax Rate: Fund the Maintenance of Parks, City Trees and Landscaping",,,8
2025-06-17,13,"FY 2026 Tax Rate: Fund the Debt Service on the Affordable Housing General Obligation Bonds (Measure O, November 2018 Election)",,,8
2025-06-17,14,"FY 2026 Tax Rate: Fund the Debt Service on the Infrastructure and Facilities General Obligation Bonds (Measure T1, November 2016 Election)",,,8
2025-06-17,15,"FY 2026 Tax Rate: Fund Debt Service on Neighborhood Branch Library Improvements Project General Obligation Bonds (Measure FF, November 2008 Election)",,,8
2025-06-17,16,FY 2026 Tax Rate: Fund Emergency Services for the Severely Disabled (Measure E),,,8
2025-06-17,17,FY 2026 Special Tax Rate: Fund the Provision of Library Relief Act,,,2
2025-06-17,18,FY 2026 Special Tax Rate: Fund the Provision of Library Services,,,2
2025-06-17,19,Cooperative Agreement: Downtown Berkeley Bike Station,,"$255,000.00",2
2025-06-17,20,Approving Proposed Projects Anticipated to be paid for by the State’s Road Maintenance and Rehabilitation Account Funds for FY 2025-26,,,1
2025-06-17,21,Civic Arts Commission General Fund Request for Continuation of Poet Laureate Program in FY26 & FY27,,"$50,000.00",3
2025-06-17,22,"Civic Arts Commission Funding Request - Additional $41,685 from the General Fund in FY26 for Festival Grants",,"$241,685.00",3
2025-06-17,24,Grant Allocation: Approve Healthy Berkeley Funding Recommendations for Programs to Reduce Consumption of Sugar-Sweetened Beverages (SSBs) for FY 2026 and FY 2027 Grant Cycle,,"$5,431,752.00",3
2025-06-17,25,Relinquishment of Council Office Budget Funds from General Funds and Grant of Such Funds to the Poet Laureate Program for FY 2026,Ishii,"$1,000.00",3
2025-06-17,26,Resolution Reaffirming Our Commitment to Vision Zero and Transportation-Related Plans and Policies,Ishii,,2
2025-06-17,27,"Parking Business Improvement District (BID) Formation Update, Lorin and Gilman Commercial Districts",Ishii,"$40,000.00",2
2025-06-17,28,Fire Facility Revenue Measures,Taplin,,2
2025-06-17,29,"Relinquishment of Council Office Budget Funds from General Funds and Grant of Such Funds to the Downtown Berkeley Association’s 6th Annual Pride on the Plaza Variety Show, in partnership with Om Nom Nom Productions",Tregub,"$1,200.00",3
2025-06-17,30,Relinquishment of Council Office Budget Funds from General Funds and Grant of Such Funds to the Historical Plaque Project of the Berkeley Historical Society & Museum,Tregub,"$1,000.00",3
2025-06-17,31,Relinquishment of Council Office Budget Funds from General Funds and Grant of Such Funds to Berkeley’s First Pride Fair hosted by Pacific Center for Human Growth,Tregub,"$1,500.00",3
2025-06-24,1,Amendments to Ordinance Prohibiting the Sale or Use of Coordinated Pricing Algorithms (BMC 13.63) to Suspend Effective Date Until March 2026,,,2
2025-06-24,2,Minutes for Approval,,,8
2025-06-24,3,Recommendations for County Measure W Funding,,,3
2025-06-24,4,"Contract: Cultural Planning Group, LLC for a Plan for a Resilient Arts & Culture Sector in Berkeley",,"$149,980.00",3
2025-06-24,5,FY 2026 Reaffirming the Investment Policy and Designation of Investment Authority,,,2
2025-06-24,6,Appropriations Limit for FY 2026,,"$407,546,513.00",8
2025-06-24,7,FY 2026 Tax Rate: Fund Fire Protection and Emergency Response and Preparedness (Measure GG),,,8
2025-06-24,8,"FY 2026 Tax Rate: Fund Firefighting, Emergency Medical Response and Wildfire Prevention (Measure FF)",,,8
2025-06-24,9,Funding Reservation for Resources for Community Development’s Maudelle Miller Shirek Community Project,,"$500,000.00",2
2025-06-24,10,2024 Housing Trust Fund Request for Proposals - Funding Reservations,,"$5,888,571.00",2
2025-06-24,11,Fiscal Year 2025 - Donations for the Berkeley Meals on Wheels Program,,"$8,000.00",2
2025-06-24,12,Shelter Plus Care Program Renewal Grants,,"$8,328,597.00",2
2025-06-24,13,"Contract: HR Acuity, LLC for Case Management and Employee Relations Software",,"$189,000.00",2
2025-06-24,14,Contract: Innovative Claim Solutions for Third Party Claims Administration of City’s Workers’ Compensation Program,,"$1,888,570.00",2
2025-06-24,15,Contract: Downtown Berkeley YMCA Fitness Center Memberships for City Employees,,"$179,136.00",2
2025-06-24,16,Contract No.,,"$1,504,593.00",2
2025-06-24,17,"Contract No. 31900174 Amendment: Carahsoft Technology Corporation Using General Services Administration (“GSA”) Schedule for Website Hosting, Software, and Related Services",,"$3,078,953.00",2
2025-06-24,18,Contract No. 32300210 Amendment: Pacific Site Management for On-Call Vegetation and Reduction Services,,"$1,200,000.00",2
2025-06-24,19,Authorize the City Manager to Accept Metropolitan Transportation Commission Transit Oriented Communities (TOC) Planning Grant,,"$400,000.00",2
2025-06-24,20,Authorization for Additional Civic Arts Commission Meeting in 2025,,,3
2025-06-24,21,Re-Appointment of Glenn Turner to the Mental Health Commission for the City of Berkeley,,,9
2025-06-24,22,Berkeley High School All Class Reunion: Relinquishment of Council Office Budget Funds to General Fund and Grant of Such Funds,OKeefe,"$1,750.00",3
2025-07-08,1,Amendments to Ordinance Prohibiting the Sale or Use of Coordinated Pricing Algorithms (BMC 13.63) to Suspend Effective Date Until March 2026,,,2
2025-07-08,2,FY 2026 Tax Rate: Fund Fire Protection and Emergency Response and Preparedness (Measure GG),,,8
2025-07-08,3,"FY 2026 Tax Rate: Fund Firefighting, Emergency Medical Response and Wildfire Prevention (Measure FF)",,,8
2025-07-08,4,FY 2026 Annual Appropriations Ordinance,,"$1,516,977,821.00",2
2025-07-08,5,At-Will Designation: Assistant City Attorney,,,8
2025-07-08,6,Contracts for Financial Consulting Services,,"$600,000.00",2
2025-07-08,7,"Formal Bid Solicitations and Request for Proposals Scheduled for Possible Issuance After Council Approval on July 8, 2025",,,8
2025-07-08,8,Grant Application: California Fire Safe Council (CFSC) Grant to Continue Funding an Alameda County Coordinator,,"$225,000.00",8
2025-07-08,9,Amend SEIU-CSU MOU Exhibits A-D with Updated Hourly Pay Rates,,,8
2025-07-08,10,Amend SEIU-MC Section 32 Probationary Period for Public Safety Dispatcher I and Public Safety Dispatcher II,,,8
2025-07-08,11,Construction Contract: Team Ghilotti for the South Cove West Lot Repaving Project,,"$3,769,282.00",1
2025-07-08,12,"Lease Amendment with Yoonaco, Inc. (Hana Japan) at 235 University Avenue",,"$7,868.00",2
2025-07-08,13,Contracts for Plan Checking Services,,"$4,500,000.00",2
2025-07-08,14,"Contract No. 32810081 Amendment: FirstCarbon Solutions, Inc. for California Environmental Quality Act Compliance for the Solid Waste & Recycling Transfer Station Replacement Project",,"$1,375,000.00",2
2025-07-08,15,Contracts: Don’s Tire Service Inc. and Morgan Tire of Sacramento Inc.,,"$800,000.00",8
2025-07-08,16,Contract: Kept Companies Inc. dba Fleetwash Inc. for Vehicle Washing Services,,"$300,000.00",8
2025-07-08,17,"Contract: Kerex Engineering, Inc. for FY 2025 Drainage Improvements (Specification No. 23-11561-C & 25-11677-C)",,"$4,397,236.00",1
2025-07-08,18,"Contract: Technology, Engineering, and Construction, Inc. for Tank Maintenance, Repairs, and Certification Services",,"$200,000.00",2
2025-07-08,19,"Contract: United Storm Water, Inc. for On-Call Storm Water Maintenance",,"$200,000.00",2
2025-07-08,20,Intent to Vacate A Portion of Carleton Street From Westerly Terminus Extending 381.23 Feet Easterly,,,8
2025-07-08,21,"Purchase Order: SCL, Safety-Kleen Systems Inc. and Lube Buster Inc. for Vehicle Lubricant Materials",,"$420,000.00",8
2025-07-08,22,Reinstating Street Sweeping on the 2900 Block of Regent Street,,,8
2025-07-08,23,Appointment of Patricia Fontana-Narell to the Mental Health Commission,,,9
2025-07-08,24,Letter in Support of Continued Funding for Berkeley,Taplin,,3
2025-07-08,25,Port Chicago Alliance: Relinquishment of Council Office Budget Funds from General Funds and Grant of Such Funds,Taplin,"$1,000.00",9
2025-07-22,1,At-Will Designation: Assistant City Attorney,,,8
2025-07-22,2,"Lease Amendment with Yoonaco, Inc. (Hana Japan) at 235 University Avenue",,"$7,868.00",2
2025-07-22,3,Zoning Ordinance Amendments to Title 23 of the Berkeley Municipal Code for Consistency with State Law and Technical Edits (SLTE 2025),,,2
2025-07-22,4,Appointment of Emergency Standby Officers,,,8
2025-07-22,5,"Formal Bid Solicitations and Request for Proposals Scheduled for Possible Issuance After Council Approval on July 22, 2025",,,8
2025-07-22,6,Reallocation of FY 2025 Youth Resiliency Funding,,"$118,417.00",2
2025-07-22,7,Revenue Grant Agreements: Funding Support from Alameda County to Conduct Public Health Services,,"$470,537.00",8
2025-07-22,8,Revenue Grant Agreements: Funding Support from the State of California to Conduct Public Health Services,,"$3,534,619.00",8
2025-07-22,9,Supplemental Military Leave Compensation Policy,,,8
2025-07-22,10,2024 Annual Military Equipment Report (Assembly Bill 481),,,8
2025-07-22,11,Surveillance Technology Ordinance Submission for Berkeley City Jail Surveillance System,,,2
2025-07-22,12,Appointment of Ian Hunt to the Mental Health Commission,,,9
2025-07-22,13,Police Accountability Board Report: Fair and Impartial Policing Implementation,,,2
2025-07-22,14,"Resolution in Support of California Senate Bill 81 (Arreguín) Health and Care Facilities: Information Sharing to Amend Sections 56.05 and 56.10 of the Civil Code, and to Add Chapter 1.5 to Division 2 of the Health and Safety Code, Relating to Health and Care Facilities",Tregub,,9
2025-07-29,1,Minutes for Approval,,,8
2025-07-29,2,Amending the City Council’s Policy for the General Fund Reserves,,,2
2025-07-29,3,"Contract No 32400009 Amendment: Stella Courier, LLC. for Mail Services and Mail Room Coverage",,"$540,000.00",2
2025-07-29,4,"Formal Bid Solicitations and Request for Proposals Scheduled for Possible Issuance After Council Approval on July 29, 2025",,,8
2025-07-29,5,Contract: InfoSend for Bill Printing and Mailing Services,,"$500,000.00",2
2025-07-29,6,Designate the Line of Succession for the Director of Emergency Services,,,8
2025-07-29,7,Contract with Wildfire Defense to Serve as the Alameda County Coordinator,,"$380,500.00",2
2025-07-29,8,Submitting Application for Permanent Local Housing Allocation Program,,"$849,945.00",8
2025-07-29,9,Mental Health Services Act Fiscal Year 2026 Annual Update,,,8
2025-07-29,10,Adopt Resolution Approving Publicly Available Pay Schedule,,,8
2025-07-29,11,"Contract: Infobond Inc. Leveraging the Omnia Partners Cooperative Contract for Information Technology Security Products, Licenses, and Support",,"$1,000,000.00",2
2025-07-29,12,Contract No. 32300096 Amendment: SCS Engineers for Landfill Post-Closure Maintenance and Monitoring Services,,"$5,912,022.00",2
2025-07-29,13,Trillium Compressed Natural Gas (CNG) 5-year Sole Source License and Operating Agreement,,"$250,000.00",1
2025-07-29,14,"Contract Amendment No. 32100070: Urban Ore, Inc. for Salvage Operations at the City of Berkeley Transfer Station",,"$794,544.00",2
2025-07-29,15,"Authorization to Apply for CalRecycle Waste Reduction, Reuse, Recycling, and Composting Grants and Payment Programs",,,2
2025-07-29,16,"Contract: Environmental Logistics, Inc. and Advanced Chemical Transport, LLC for On-Call Hazardous Waste Management",,"$350,000.00",1
2025-07-29,17,Approval and Levy of 2018 Clean Stormwater Fee in FY 2026,,,8
2025-07-29,18,"Contracts: Matrix HG Inc. and Prime Mechanical Service for Heating, Ventilation, and Air Conditioning (HVAC) Maintenance and Repair",,"$300,000.00",2
2025-07-29,19,Updated Sewer System Management Plan,,,8
2025-07-29,20,"Project Implementation Staffing for Measure FF, the SAFE STREETS Initiative",,"$932,630.00",2
2025-07-29,21,"Contract: Aurora Environmental Services Inc., GSI Environmental Inc., Northgate Environmental Management Inc., and WSP Global Inc. for On-Call Environmental Consulting",,"$500,000.00",8
2025-07-29,22,"Contracts: Dream Ride Elevator and Metro Elevator for Maintenance, Repairs and Emergency Response Services for Citywide Elevators",,"$350,000.00",1
2025-07-29,24,Berkeley Nightlife Council,Taplin,,9
2025-07-29,25,Berkeley Green New Deal: Workforce Development,Taplin,,2
2025-07-29,26,"Resolution in Support of California Senate Bill 627 (Wiener, Arreguín, Pérez), the No Secret Police Act, to Prohibit Non-Essential Face Covering for Law Enforcement and Require Officer Identification During Operations",,,9
2025-07-29,27,Berkeley’s First Sun Day Event: Relinquishment of Council Office Budget Funds to General Fund and Grant of Such Funds,Humbert,"$1,000.00",3
2025-07-29,1,Grant Award: Byrne State Crisis Intervention Program (SCIP) Cohort 2 Funding – Acceptance of Grant and Execution of Related Documents,,"$1,000,000.00",8
2025-09-09,5,Accessory Dwelling Units (ADUs): Amendments to Title 23 (Zoning) to Comply with State Law and Encourage ADU Development,,,2
2025-09-09,6,Establish 2026 City Council Meeting Schedule,,,8
2025-09-09,7,Voting Delegates – League of California Cities Annual Conference,,,8
2025-09-09,8,Contract: African American/Black Professional Community Network for Project Sankofa,,"$300,000.00",9
2025-09-09,9,"Formal Bid Solicitations and Request for Proposals Scheduled for Possible Issuance After Council Approval on September 9, 2025",,,8
2025-09-09,10,"Authorization to Accept One-Time $10,000 Stipend for Service on the California Local Government Agency Executive Committee",,"$10,000.00",2
2025-09-09,11,Reserving Predevelopment Funds for the Development of Affordable Housing on the Ashby BART West Lot,,"$2,000,000.00",2
2025-09-09,12,Contract No. 32400192 Amendment: GovernmentJobs.com (dba NEOGOV) for Online Data Management Services,,"$251,115.00",2
2025-09-09,13,Grant Agreement Amendment with State Coastal Conservancy to reallocate $1.7M to a) the Bay Trail Segment at Shorebird Park (design phase) and b) recreation improvements at the Gateway Pier and the J&K Parking Lot,,$1.00,2
2025-09-09,14,Reject All Bids Associated with Cesar Chavez Park Perimeter Pathway Improvement Project,,,2
2025-09-09,15,Ordinance Amendment Relating to the Memorandum of Understanding (MOU) Compendium; Amending Berkeley Municipal Code Section 2.04.190,,,2
2025-09-09,16,Grant Acceptance and Execution for the Codornices Creek Restoration at Ninth Street Bend Project,,"$500,000.00",2
2025-09-09,17,Allocation Request: MTC Safe Routes to Transit and Bay Trail Program: Adeline Street Quick Build,,,2
2025-09-09,18,"Contract No. 32500001 Amendment: CESCORP, dba Cal Elite Builders for Corp Yard City Fleet EV Charger Project. Specification No.23-11546-C",,"$1,909,360.00",1
2025-09-09,19,"Contract: Mar Con Builders, Inc. for the Corporation Yard Green Room and Building H Improvements Project",,"$2,453,007.00",2
2025-09-09,20,"Contract: Bayview Industrial Services, Inc. for Removal of Transfer Station Underground Storage Tanks Project",,"$340,560.00",1
2025-09-09,21,"Contract Amendments: On-Call Civil Engineering Services, CSW Stuber-Stroeh Engineering Group, Inc. and SCI Consulting Group Inc.",,"$23,750,000.00",8
2025-09-09,22,Budget Referral: 9th Street Linear Park Design Phase,Taplin,"$75,000.00",2
2025-09-09,23,Waterside Workshops: Relinquishment of Council Office Budget Funds from General Funds and Grant of Such Funds,Taplin,"$1,000.00",3
2025-09-16,1,Contract: Sorell Raino-Tsui for Public Artwork Commission for Martin Luther King Jr. Youth Services Center/Young Adult Project Clubhouse (MLK/YAP),,"$442,000.00",2
2025-09-16,2,Contract No. 32000060 Amendment: Toshiba Business Solutions Inc for Citywide Multi-function Devices,,"$5,750,000.00",2
2025-09-16,3,"Purchase Order: Blaisdell’s Business Products for Office Supplies, Printing Paper, Small Equipment and Office Furniture",,"$1,100,000.00",8
2025-09-16,4,"Contract No. 32000164 Amendment: CGB Enterprise, LLC (purchased from Synthesis Group, Inc.) dba Minuteman Press Contract for Citywide Copying & Printing Services",,"$1,775,000.00",2
2025-09-16,5,"Formal Bid Solicitations and Request for Proposals Scheduled for Possible Issuance After Council Approval on September 16, 2025",,,8
2025-09-16,6,"Contract: Swifthawk Consulting, LLC for Professional Services",,"$600,000.00",2
2025-09-16,7,Updated Findings of Facts Associated with Berkeley Fire Code,,,2
2025-09-16,8,"Contract No. 32300108 Amendment: Street Level Advisors, LLC for Housing Consulting Services",,"$452,400.00",9
2025-09-16,9,Purchase Orders: CDW-G  for using Omnia Partners Cooperative Purchasing Agreement for Adobe Acrobat Pro Software,,"$281,400.00",8
2025-09-16,10,Updates to the Measure T1 Project List,,,2
2025-09-16,11,The Parent Writing Circles Initiative- Relinquishment of Council Office Budget Funds to General Fund and Grant of Such Funds,Bartlett,$500.00,3
2025-09-16,12,Zoning Ordinance Modification for Telegraph Avenue Commercial District,LunaParra,,2
2025-09-30,1,Proposed Sanctuary City Ordinance – Council Referral; Adding Berkeley Municipal Code Chapter 13.114,,,9
2025-09-30,2,Minutes for Approval,,,8
2025-09-30,3,Authorize Acceptance of Proposition 47 Cohort 5 Grant and Execution of Related Agreements,,"$8,000,000.00",2
2025-09-30,4,2026 Tax Rate: Transportation Network Company User Tax,,,2
2025-09-30,5,Application to the Behavioral Health Continuum Infrastructure Program (BHCIP) Round 2: Unmet Needs,,"$6,947,050.00",2
2025-09-30,6,"Contract No. 32300180 Amendment: GoGo Technologies, Inc. for Provision of Transportation Services for Seniors and the Disabled",,"$650,000.00",2
2025-09-30,7,Contract No. 32300207 Amendment: Easy Does It for Provision of Wheelchair Van Service for Seniors and Disabled Riders,,"$325,000.00",2
2025-09-30,8,Revenue Grant Agreement: Funding Support from the California Department of Public Health to Enhance Disease Intervention Workforce Development,,"$523,953.00",8
2025-09-30,9,Donation: Memorial Bench at Berkeley Marina in Memory of Michael W. Orton,,"$3,400.00",2
2025-09-30,10,Purchase Order with Coast Counties Peterbilt for Seven 2026 Model Peterbilt 520 Rear-Loader Refuse Trucks with McNeilus Bodies,,"$3,800,000.00",2
2025-09-30,11,Recreation and Community Facility Improvement Measures,Taplin,,2
2025-09-30,12,"Resolution Supporting California Proposition 50, the Election Rigging Response Act; Which Would Authorize California to Adopt Temporary Congressional Maps in Response to These Partisan Actions While Reaffirming the State’s Commitment to Independent, Non-partisan Redistricting By Preserving the Citizens Redistricting Commission for the Decennial Process After the 2030 Census",Tregub,,9
2025-09-30,13,Berkeley Art Center’s Fall 2025 Community Dinner: Relinquishment of Budget Office Funds,OKeefe,"$1,250.00",2
2025-09-30,14,Sacred Rest Drop-in Center Landline: Relinquishment of Council Office Budget Funds to General Fund and Grant of Such Funds,LunaParra,"$1,000.00",9
2025-09-30,15,Refer to the City Manager in Collaboration with the City Attorney’s Office to Develop Proposed Increases to the Shared Micromobility Program Fees,LunaParra,,2
2025-10-14,2,2026 Tax Rate: Transportation Network Company User Tax,,,2
2025-10-14,3,Adopt Revisions to the 2025 City Council Meeting Schedule,,,8
2025-10-14,4,Contract: Healthy Black Families for the African American Holistic Resource Center Project Sankofa,,"$300,000.00",9
2025-10-14,5,Revenue Grant: FEMA Seismic Hazard Mitigation Grant Program,,,1
2025-10-14,6,Revenue Grant: FEMA Fire Hazard Mitigation Grant Program,,,1
2025-10-14,7,"Formal Bid Solicitations and Request for Proposals Scheduled for Possible Issuance After Council Approval on October 14, 2025",,,8
2025-10-14,8,Contract No. 10271 Amendment: Lease of 1521-1535 University Avenue,,"$3,909,949.00",2
2025-10-14,9,"Contract No. 31900009 Amendment: McKinley House (2111 McKinley Avenue, Berkeley, CA 94703)",,"$995,607.00",2
2025-10-14,10,"Contract: Preferred Alliance, Inc. for Drug and Alcohol Testing Services",,"$100,000.00",2
2025-10-14,11,"Contract: ESI Group for IBM Hardware, Software, and related Services",,"$225,000.00",2
2025-10-14,12,Residents Oppose Broadcasting Obnoxious Cacophony Out in Public (ROBOCOP),OKeefe,,9
2025-10-14,13,Urging Police Accountability Board Regulations Completion,Blackaby,,9
2025-10-14,14,Changes to Special Events Permitting Fees and Requirements,,,2
2025-10-14,15,Referral Response Alternative Housing Options for People Experiencing Homelessness,,,2
2025-10-14,16,Staff Shortages: City Services Constrained by Staff Retention Challenges and Delayed Hiring Audit Status Report,,,2
2025-10-14,17,Civic Arts Grant Awards: Fiscal Year 2026,,,3
2025-10-14,18,Update: HR Response: Audit Directive(s) for Comprehensive Domestic Violence Policy to Support City Employees,,,2
2025-10-14,19,Landmark Preservation Ordinance Notice of Decision: 2000 Blake Street /#LMIN2025-0003,,,8
2025-10-28,1,Minutes for Approval,,,8
2025-10-28,2,Affirm Staff Preference for the Virginia Street Bikeway (Between Sacramento Street and Acton Street Next to the North Berkeley BART Station),,,2
2025-10-28,3,Amending Berkeley Municipal Code Chapter 7.54 The Empty Homes Tax,,,2
2025-10-28,4,Letter to Alameda County Board of Supervisors re: Opportunities to Collaborate with Alameda County on Homelessness Programs Outside of Berkeley,,,2
2025-10-28,5,Contract: Dyson & Womack for a Public Art Program Strategic Plan,,"$110,000.00",3
2025-10-28,6,"Formal Bid Solicitations and Request for Proposals Scheduled for Possible Issuance After Council Approval on October 28, 2025",,,8
2025-10-28,7,Contract: Patagonia Health Electronic Health Records System Implementation for Berkeley High School Health Center,,"$260,000.00",2
2025-10-28,8,Contract: Alameda-Contra Costa County Transit District (AC Transit) for EasyPass Program 2026-2028,,"$572,717.00",2
2025-10-28,9,Waiver of Sanctuary City Contracting Ordinance to Contract with Superion LLC for FUND$ Software Maintenance and Support,,,8
2025-10-28,10,Amendment to Ground Lease with East Bay Regional Park District at 400 Gilman Street (Tom Bates Regional Sports Complex),,,2
2025-10-28,11,"Contract No. 32200098 Amendment: ERA Construction, Inc. for O & K Docks Electrical Upgrades Project",,"$2,800,200.00",1
2025-10-28,12,"Contracts: On-Call Waterfront Engineering, Design, Environmental Permitting, and Construction Administration Services for Capital Improvement Projects at the Berkeley Waterfront",,"$5,000,000.00",8
2025-10-28,13,Donation: Memorial Bench at Berkeley Marina in Memory of Dove Charlotte Lenz,,"$3,400.00",2
2025-10-28,14,Donation: Memorial Bench at Berkeley Rose in Memory of Lee and Dorothy Marsh,,"$3,400.00",2
2025-10-28,15,Donation: Memorial Bench at King Park in Memory of Leon and Harriett Reiter,,"$3,400.00",2
2025-10-28,16,Grant Application: Caltrans Clean CA Program – Community Cleanup and Employment Pathway (CCEP),,,8
2025-10-28,17,"Adoption of Berkeley Building Codes, Including Local Amendments to California Building Standards Code",,,2
2025-10-28,18,Authorization to Encrypt Berkeley Police Department Primary Radio Channels,,,1
2025-10-28,19,Revenue Grant: California Office of Traffic Safety (OTS) for the 2025-2026 Selective Traffic Enforcement Program (STEP) Grant,,"$240,000.00",8
2025-10-28,20,Revenue Grant: Cannabis Tax Fund Grant Program (CTFGP) Acceptance,,"$101,783.00",8
2025-10-28,21,Revenue Grant: Fiscal Years 2025/2026 Alcoholic Beverage Control (ABC) Alcohol Policing Partnership (APP) Grant,,"$75,012.00",8
2025-10-28,22,"Contract No. 32300085 Amendment: Abbe & Associates, Integrated Zero Waste Management Strategic Plan",,"$942,800.00",2
2025-10-28,23,"Contract No: 32300115 Amendment: On-Call Arborist Services, HortScience Bartlett Consulting",,"$665,000.00",8
2025-10-28,24,"Contract for Construction (Bauman Landscape and Construction, Inc.) and Contract No. 32300026: Amendment for Engineering Services (Diablo Engineering Group) for the Ohlone Greenway Modernization and Safety Project",,"$4,532,000.00",2
2025-10-28,25,"Contracts: Interface Engineering, Inc. and Salas O’Brien Engineers, Inc. for On-Call Electrical Engineering Services",,"$300,000.00",8
2025-10-28,26,Final Map of Tract 8651: 2403-2407 San Pablo Avenue,,,8
2025-10-28,27,Referral Request to Rescind Incorrect Information Related to Turtle Island Monument,,,9
2025-10-28,28,Remove Pre-Transfer Eligibility Restriction of the Transfer Tax Rebate for Wildfire Hardening,,,2
2025-10-28,29,Renewal of the Elmwood BID for Calendar Year 2026,,,2
2025-10-28,30,Renewal of the Solano Avenue BID for Calendar Year 2026,,,2
2025-10-28,31,Russell Street Halloween Festivities: Relinquishment of Council Office Budget Funds to General Fund and Grant of Such Funds,Humbert,"$2,000.00",3
2025-11-10,1,"Formal Bid Solicitations and Request for Proposals Scheduled for Possible Issuance After Council Approval on November 10, 2025",,,8
2025-11-10,2,Contract: Tablet Command for Mobile CAD and Incident Command,,"$220,000.00",1
2025-11-10,3,Contract: Protiviti Government Services Inc (“Protiviti”): Using General Services Administration (“GSA”) Vehicle for Professional Services Purchase Orders,,"$892,000.00",2
2025-11-10,4,"Amend Resolution No. 71,682-N.S for Joint Homekey+ Application for MLK House at 2942-44 Martin Luther King, Jr. Way",,"$9,500,000.00",2
2025-11-10,5,Grant Application: The 2025 Surrendered and Abandoned Vessel Exchange (SAVE) grant program of the California Division of Boating & Waterways,,"$1,000.00",8
2025-11-10,6,Fifteenth Annual Martin Luther King Jr. Celebration: City Sponsorship and Relinquishment of Council Office Budget Funds to General Fund and Grant of Such Fund,Ishii,"$1,000.00",3
2025-11-10,7,Reappointment of Dr. P. Robert Beatty to the Alameda County Mosquito Abatement District Board of Trustees,Ishii,,9
2025-11-10,8,Resolution of the City of Berkeley Supporting the Bay Area Air District’s Zero Emission Building Appliance Rules,Tregub,,3
2025-11-18,1,Amending Berkeley Municipal Code Chapter 7.54 The Empty Homes Tax,,,2
2025-11-18,2,Amendment to Ground Lease with East Bay Regional Park District at 400 Gilman Street (Tom Bates Regional Sports Complex),,,2
2025-11-18,3,Remove Pre-Transfer Eligibility Restriction of the Transfer Tax Rebate for Wildfire Hardening,,,2
2025-11-18,4,Amendments to Ordinance Prohibiting the Sale or Use of Coordinated Pricing Algorithms (BMC 13.63),,,2
2025-11-18,5,Minutes for Approval,,,8
2025-11-18,6,"Contract: General Code, LLC for Berkeley Municipal Code Publishing Services",,"$75,000.00",3
2025-11-18,7,Contract with Options Recovery Services for Berkeley CareBridge Program and Appropriation for Administrative and Evaluation Support in the City Manager’s Office,,"$7,920,000.00",2
2025-11-18,8,Amendment: FY 2026 Annual Appropriations Ordinance,,,2
2025-11-18,9,Contract No. 32000179 Amendment: Allied Universal Security Service for Citywide Unarmed Security Services,,"$6,450,000.00",2
2025-11-18,10,"Formal Bid Solicitations and Request for Proposals Scheduled for Possible Issuance After Council Approval on November 18, 2025",,,8
2025-11-18,11,Purchase Order: Blaisdell’s Business Products for Office Furniture and Equipment for Fire Headquarters,,"$1,500,000.00",8
2025-11-18,12,Golden Bear Homes Partnership Transfer,,,8
2025-11-18,13,Contract No. 104289-1 Amendment: Jackson & Coker for Locums Tenens Psychiatrists,,"$1,964,480.00",2
2025-11-18,14,"Adoption of Side Letter Agreements Between the City of Berkeley and the Berkeley Fire Fighters Association (BFFA), Berkeley Fire EMS Professionals Association (BFEMSA), and Berkeley Fire Chief Officers Association (BFOA) to Clarify the Calculation and Reporting of Special Compensation Under CalPERS Regulations",,,8
2025-11-18,15,Adoption of Side Letter Agreement with Berkeley Police Association to Clarify the Calculation and Reporting of Special Compensation Under CalPERS Regulations,,,8
2025-11-18,16,"Contract No. 32100079 Amendment: ePlus Technology Inc., for Cohesity Backup Software, Maintenance and Support",,"$828,400.00",8
2025-11-18,17,"Contract: Paymun Building & Development, Inc. for the K-Dock Restroom Renovation Project",,"$880,000.00",2
2025-11-18,18,License Agreement for Temporary Parking for Tom Bates Regional Sports Complex,,,2
2025-11-18,19,Mills Act Contract – 1619 Walnut Street,,,8
2025-11-18,20,Contract: DC Electric for On-Call Electrical Services,,"$375,000.00",8
2025-11-18,21,Contract No. 32500098 Amendment: Pacific Site Management Landscaping Services for Gilman Street and Interstate 80 Interchange Project,,"$1,200,000.00",2
2025-11-18,22,"Contract: On-Call Handrail Fabrication and Installation Services, Bailey Fence Company, Inc",,"$150,000.00",8
2025-11-18,23,Contracts: On-Call Industrial Hygiene and Regulatory Compliance Services,,"$4,300,000.00",8
2025-11-18,24,"Multi-Year Purchase Orders with Papé Kenworth Inc. for Parts and Related Equipment for Kenworth, Peterbilt, and PACCAR Medium-and Heavy-Duty Trucks",,"$380,000.00",2
2025-11-18,25,"Recommendation to Rename ""5 ½ Street"" Alleyway as Jeronimus Alley",,,2
2025-11-18,26,"Recommendations for the Formulation of Advanced Fiscal Policies to Institutionalize Strategic Bond Issuance, Optimize Municipal Investment Returns, and Leverage Intergovernmental and Philanthropic Capital Funding",Taplin,"$300,000,250.00",2
2025-11-18,27,Sanctuary City Contracting Ordinance Updates,LunaParra,,2
2025-12-02,1,Amendments to Ordinance Prohibiting the Sale or Use of Coordinated Pricing Algorithms (BMC 13.63),,,2
2025-12-02,2,Amendment: FY 2026 Annual Appropriations Ordinance,,,2
2025-12-02,3,Sanctuary City Contracting Ordinance Updates,LunaParra,,2
2025-12-02,4,Zoning Ordinance Amendments to Title 23 of the Berkeley Municipal Code for Consistency with State Law and Technical Edits (SLTE 2025),,,2
2025-12-02,5,Minutes for Approval,,,8
2025-12-02,6,Revised Conflict of Interest Code,,,8
2025-12-02,7,Acceptance of Grant Funds and Contract: Healthy Black Families – Equity 4 Black Berkeley (E4BB) Transition,,"$180,000.00",9
2025-12-02,8,Authorizing the City Manager to Sign the Downtown Property-Based Business Improvement District (PBID) Petition and Ballot on Behalf of the City of Berkeley,,,2
2025-12-02,9,"Formal Bid Solicitations and Request for Proposals Scheduled for Possible Issuance After Council Approval on December 2, 2025",,,8
2025-12-02,10,"Contract: CentralSquare Technologies, LLC for Dispatch Center Software and Services",,"$336,237.00",1
2025-12-02,11,Revenue Contract: 2026 Community Services Block Grant,,,3
2025-12-02,12,Contract No. 32000232 Amendment: Worldwide Travel Staffing for Nurse Registry Services,,"$2,272,580.00",2
2025-12-02,13,Loan Modifications for Existing Housing Trust Fund Projects: Margaret Breland Homes (2577 San Pablo Avenue) and Mable Howard Apartments (3250 Sacramento Street),,,8
2025-12-02,14,Contract No. 081263-1 Amendment: Uprise Claremont Behavioral Services for Employee Assistance Program Services,,,2
2025-12-02,15,Adoption of Successor Memorandum Agreement: International Brotherhood of Electrical Workers Local 1245,,,2
2025-12-02,16,Contract: Plante Moran for Professional Services and Licensing of Informatica Integration Platform as a Service (iPaaS),,"$700,000.00",2
2025-12-02,17,Contract No. 32400019 Amendment: Berkeley Community Media for Public Access Television,,"$1,154,130.00",2
2025-12-02,18,Contract No. 32400104 Amendment: SmartWave for City Facility Managed Wi-Fi,,"$1,180,000.00",8
2025-12-02,19,"Contract No. 31900184 Amendment: Alcor Solutions, Inc. for Professional Services for ServiceNow and Intranet",,"$1,145,564.00",8
2025-12-02,20,Donation for the Thousand Oaks School Park Improvement Project in Memory of Michael Seltzer,,"$80,000.00",2
2025-12-02,21,"Contract: Bauman Landscape and Construction, Inc. for The Tom Bates Regional Sports Complex Community Facility, Pickleball Courts and U8 Soccer Field Project",,"$13,030,867.00",2
2025-12-02,22,Grant Application: Environmental Enhancement and Mitigation (EEM) Tree Planting Proposal,,"$750,000.00",8
2025-12-02,23,Grant Application: Ocean Protection Council SB1 funds for the University Ave Sea-Level Rise Adaptation Plan,,"$500,000.00",8
2025-12-02,24,Grant Application: the CA Economic Development Department’s Employment Training and Pathways Program Funding for Additional YouthWorks Participants,,"$600,000.00",8
2025-12-02,25,Contract: Passport Labs Incorporated for Parking Citation and Permit Management System (CPMS),,"$1,700,000.00",2
2025-12-02,28,Annual Berkeley Holiday Fund: Relinquishment of Council Office Budget Funds to General Fund and Grant of Such Fund,Ishii,"$1,750.00",3
2025-12-02,29,Urban Compassion Project: Relinquishment of Council Office Budget Funds to General Fund for Grant of Such Funds,Kesarwani,"$3,000.00",3
2025-12-02,30,Resolution for Unionization Efforts by Employees of Ècole Bilingue,Taplin,,9
2025-12-02,31,"Creations Berkeley – Black Joy Club Kwanzaa Toy Drive and Celebration on December 11, 2025 – Relinquishment of Council Office Budget Funds to General Fund and Grant of Such Funds",Bartlett,$500.00,3
2025-12-02,32,Budget Referral: FY26 AAO1 Downtown Berkeley Revitalization Projects,Tregub,,2
2025-12-02,33,Referral to the City Manager and City Attorney: Vibrant Storefront Policy,Tregub,,2
2025-12-02,34,Annual Report on Gifts Received,,,8
2025-12-02,35,Board of Library Trustees Reappointment: Beverly Greene,,,8
2025-12-02,36,Notifying Residents of Upcoming Public Works Projects in their Neighborhoods,Blackaby,,2
2025-12-02,37,Berkeley Symphony Orchestra Winter Promenade: Relinquishment of Council Office Budget Funds to General Fund and Grant of Such Funds,LunaParra,"$1,000.00",3
2026-01-20,1,"Contract No. 32100053 Amendment: Orsolya Kuti, DVM to Provide On-site Veterinary Services for Berkeley Animal Care Services",,"$318,000.00",2
2026-01-20,2,Ratification of City Manager Action to Execute a Contract with Lake Research Partners for Community Survey Services in Support of Potential November 2026 Ballot Measures,,"$100,000.00",8
2026-01-20,3,"Ratification of City Manager Action to Accept a Grant from Americans for the Arts (AFTA) for $20,000 to Support the “Arts Programs” Grants Category",,"$20,000.00",8
2026-01-20,4,Revenue Agreement: Alameda Alliance for Health Provider Recruitment Initiative,,"$20,000.00",2
2026-01-20,5,"Contract No. 32500142 Amendment: Azul Works, Inc. for the Ohlone Park Restroom and Lighting Project",,"$960,278.00",2
2026-01-20,6,Contract No. 32600020 Amendment: Throne Lab Portable Toilet Pilot Program,,"$130,000.00",2
2026-01-20,7,"Contract: Bauman Landscape and Construction, Inc. for Adeline Street Landscaping Improvements Project",,"$714,000.00",2
2026-01-20,8,Amendments to Title 23 (Zoning) to Allow the Retail Sale of Alcohol in the Telegraph Avenue Commercial (C-T) Zoning District,,,2
2026-01-20,9,Amend Berkeley Municipal Code Chapter 14.68 – Bicycle Registration and Licensing,,,2
2026-01-20,10,Amend Berkeley Municipal Code Section 14.40.100 – Disability Parking Standards and Accommodations,,,2
2026-01-20,11,"Formal Bid Solicitations and Request for Proposals Scheduled for Possible Issuance After Council Approval on January 20, 2026",,,8
2026-01-20,12,1740 San Pablo Ownership Transfer,,"$4,496,669.00",8
2026-01-20,13,Request for Proposals for Capacity Building for Emerging Nonprofit Affordable Housing Developers,,"$600,000.00",2
2026-01-20,14,Acceptance of Fiscal Year 2026 Donations from Meals on Wheels of Alameda County (MOWAC) for the Berkeley Meals on Wheels Program,,"$225,000.00",2
2026-01-20,15,Reestablish and Revise Job Class Specification and Pay Scale – Animal Services Supervisor (formerly Animal Services Operations Supervisor),,$101.00,2
2026-01-20,16,"Contract: Clariti Cloud Inc. for a Comprehensive Permit Management System, RFP Specification No. 24-11661-C",,"$5,359,128.00",2
2026-01-20,17,Caminos al Éxito: Relinquishment of Council Office Budget Funds to General Fund and Grant of Such Fund,Ishii,"$1,150.00",3
2026-01-20,18,Refer to the City Manager the Development of Comprehensive Transportation Design Standards,Ishii,,2
2026-01-20,19,Referral to the City Manager to Allow Tiny Homes on Wheels as Permissible Accessory Dwelling Units (ADUs),Kesarwani,,2
2026-01-20,20,City Council Employee Recognition Program,Blackaby,,2
2026-01-27,2,Minutes for Approval,,,8
2026-01-27,3,2025 Annual Commission Attendance and Meeting Frequency Report,,,8
2026-01-27,4,"Formal Bid Solicitations and Request for Proposals Scheduled for Possible Issuance After Council Approval on January 27, 2026",,,8
2026-01-27,5,"Contract: Carone and Company, Inc. for the Santa Fe Trackbed to Park Conversion Remediation, Demolition and Perimeter Fencing Project",,"$6,793,938.00",2
2026-01-27,6,"Option Agreement with TSA Holding Group, LLC for 199 Seawall Drive",,,2
2026-01-27,7,Contracts: On-Call Equitable Community Engagement Services,,"$250,000.00",8
2026-01-27,8,"Contract: B Bros Construction, Inc. for Fire Station #6 Remodel",,"$697,565.00",1
2026-01-27,9,Contract: St. Francis Electric for On-Call Electrical Services,,"$375,000.00",8
2026-01-27,10,"Contract: Siemens Industry, Inc. dba SIEMENS for Inspection, Testing, and Monitoring Services for the City’s Fire and Life Safety System Equipment",,"$350,000.00",1
2026-01-27,12,"Contract No.101280-1 Amendment: On-Call Traffic Engineering Services with AECOM USA, Inc. for Engineering Services",,"$2,800,000.00",8
2026-01-27,13,"Contract No. 108037-1 Amendment: MSR Mechanical, LLC for On-Call Heating, Ventilation and Air Conditioning Services",,"$580,000.00",2
2026-01-27,14,Contract No. 32500124 Amendment: Buhler Commercial for FY 2023 Retaining Wall and Storm Drain Improvement Project,,"$2,474,009.00",2
2026-01-27,15,goBerkeley Parking Management Program Recommended Adjustments to Address a Forecasted Deficit in the Off-Street and Parking Meter Funds,,,2
2026-01-27,16,AC Transit Berkeley Emeryville Inter-Agency Liaison Committee Appointments,Ishii,,2
2026-01-27,17,Refer to the City Manager to include in the Community Survey a Poll Question about Increasing Sales Tax in the City of  Berkeley,Kesarwani,"$27,000,000.00",2
2026-02-10,1,Amend Berkeley Municipal Code Chapter 14.68 – Bicycle Registration and Licensing,,,2
2026-02-10,2,Amend Berkeley Municipal Code 14.40.100 – Disability Parking Standards and Accommodations,,,2
2026-02-10,3,Amendments to Title 21 (Subdivisions) to Allow Separate Sale of ADUs,,,2
2026-02-10,4,"Amendments to Title 23 (Zoning) to permit by-right approval of qualifying housing projects on sites identified in previous Housing Elements, and revisions related to Design Review",,,2
2026-02-10,5,Rescission and replacement of the Police Equipment and Community Safety Ordinance,Humbert,,2
2026-02-10,6,Establish Job Class Specification and Salary Range – Risk Manager,,$154.00,2
2026-02-10,7,"Formal Bid Solicitations and Request for Proposals Scheduled for Possible Issuance After Council Approval on February 10, 2026",,,8
2026-02-10,8,"Contract: Scotts PPE Recon, Inc. for Firefighter Personal Protective Equipment and Maintenance",,"$555,000.00",1
2026-02-10,9,Application for Prohousing Incentive Program Funds,,"$1,250,000.00",2
2026-02-10,10,Extending Reservations for Housing Trust Fund Projects,,"$51,240,894.00",2
2026-02-10,11,Donation: Memorial Bench at Codornices Park in Memory of Samuel Reitan Boyden,,"$3,400.00",2
2026-02-10,12,Donation: Memorial Bench at Strawberry Creek Park in Memory of Luke Kreinberg,,"$3,400.00",2
2026-02-10,13,Contract No. 32600085 Amendment: Cordoba Corporation for On-site Traffic Engineering Support Services,,"$350,000.00",2
2026-02-24,1,Minutes for Approval,,,8
2026-02-24,2,"Formal Bid Solicitations and Request for Proposals Scheduled for Possible Issuance After Council Approval on February 24, 2026",,,8
2026-02-24,3,Contract: California Association of Environmental Health Administrators for Stormwater Inspections,,"$100,000.00",2
2026-02-24,4,Accept Grant Funds from the California Ocean Protection Council’s Senate Bill 1 Sea Level Rise Adaptation Planning Grant Program and contract with Association of Bay Area Governments/San Francisco Estuary Partnership,,"$223,151.00",2
2026-02-24,5,"Contracts: Future Ford of Concord, Michael Stead Hilltop Ford and Nicholas K Corporation dba The Ford Store for Service, Parts, and Related Equipment for Ford Vehicles",,"$2,070,000.00",2
2026-02-24,6,"Contract Awards:  Du-All Safety LLC, Safe Business Solutions, and Safety Center, Inc. for Safety Training and Consulting Services to support the Public Works Department",,"$210,000.00",1
2026-02-24,7,"Contract: Northern Recycling, LLC for Hauling and Processing of Compostable Materials",,"$16,091,834.00",2
2026-02-24,8,"Contract: Koios Engineering, Inc. for Adeline Street, Woolsey Street, et al. Sanitary Sewer Rehabilitation Project",,"$4,289,333.00",1
2026-02-24,9,"Contract: Koios Engineering, Inc. for San Pablo Avenue, Sacramento Street, et al. Sanitary Sewer Rehabilitation Project",,"$5,592,354.00",1
2026-02-24,10,"Contract with Chargepoint, Inc. for City-Owned Electric Vehicle Charger Support Services",,"$255,651.00",2
2026-02-24,11,"Contract No. 32500221 Amendment: Stommel Inc. dba Lehr for Hybrid Police Patrol Vehicle Supplies, Equipment, and Installation Services",,"$650,000.00",1
2026-02-24,12,"Contract No. 32600081 Amendment: Metro Elevator for Maintenance, Repairs and Emergency Response Services for Citywide Elevators",,"$525,000.00",1
2026-02-24,13,"Contract No. 107431-1 (10095B) Amendment: Green Halo Systems, Inc. Construction Debris Tracking",,"$150,000.00",1
2026-02-24,14,Purchase Order: Turf Star Incorporated for one 2026 Model Toro Groundsmaster 31699 Triple Deck Sports Field Mower,,"$184,181.00",8
2026-02-24,15,2026 Traffic Circle Vegetation Policy and Maintenance Plan,,,2
2026-02-24,16,Waterside Workshops Community Spring Fling: Relinquishment of Council Office Budget Funds to General Fund and Grant of Such Fund,Ishii,"$1,000.00",3
2026-02-24,17,Relinquishment of Council Office Budget Funds to Support the Berkeley Unified School District Historical Study,Bartlett,$500.00,3
2026-02-24,18,Referral to City Manager and City Attorney: Removing On-Site Manager Exemption Loophole for Certain Multi-Family Properties that are Adjacent and/or Share the Same Common Area,Tregub,,2
2026-02-24,19,Resolution Urging Minnesota Governor Tim Walz to Enact an Eviction Moratorium to Prevent Displacement During the Ongoing ICE/CBP Terror Campaign,LunaParra,,9
2026-03-10,1,Amendments to Title 21 (Subdivisions Ordinance) and Title 23 (Zoning Ordinance) to implement Senate Bill (SB) 684,,,2
2026-03-10,2,Re-Establishment of the Downtown Berkeley Property and Business Improvement District (DPBID),,,2
2026-03-10,3,Ashby BART East Lot Transit Oriented Development Request for Proposal Framework,,,2
2026-03-10,4,"Contract No. 32300149 Amendment: mySidewalk, Inc. for HHCS Web-Based Population Health Data Platform",,"$258,546.00",2
2026-03-10,5,Filling Human Welfare and Community Action Commission Public Sector Vacancies,,,8
2026-03-10,6,City Contracts: Outdated Process Led to Non-Competitive Contracts,,,9
2026-03-10,7,Entertainment Zone Ordinance,Taplin,,2
2026-03-10,8,The Berkeley Rule: Artificial Intelligence Municipal Framework,"Bartlett, Tregub",,3
2026-03-10,9,"Referral: Strengthen Berkeley’s Micromobility Regulatory Framework to Improve Public Safety, ADA Accessibility, and Operator Accountability",Tregub,,9
2026-03-10,10,Resolution Opposing Bureau of Land Management Oil and Gas Leasing and Drilling on California Public Lands and Parks,Tregub,,9
2026-03-10,11,Citywide Guidelines on Artificial Intelligence,OKeefe,,2
2026-03-10,12,Berkeley Free Clinic Critical Renovations: Relinquishment of Council Office Budget Funds to General Fund and Grant of Such Funds,LunaParra,"$1,500.00",3
2026-03-10,13,Project to Increase Telegraph and Claremont Housing (PITCH) Rezoning,"Humbert, Ishii, Bartlett",,2
2026-03-24,1,"Amendments to BMC Title 23 (Zoning) to Update the Regulation of Nonconforming Lot Coverage, Floor Area Ratio and Density for Residential Uses in Selected Zoning Districts",,,2
2026-03-24,2,"Amendments to the Berkeley Election Reform Act Regarding the Return of Unspent Public Matching Funds, Reuse of Campaign Materials, Campaign Expenditures and Cost of Living Adjustments",,,8
2026-03-24,3,Minutes for Approval,,,8
2026-03-24,4,Revenue Grant Agreements: Funding Support from Alameda County to Conduct Public Health Services,,"$465,258.00",8
2026-03-24,5,"Rescinding Resolution No. 65,945–N.S. and Establishing the Behavioral Health Commission in Compliance with the Behavioral Health Services Act (SB 326)",,,2
2026-03-24,6,Approving Publicly Available Pay Schedule,,,8
2026-03-24,7,Mills Act Contract – 2845 Woolsey Street,,,8
2026-03-24,8,Mills Act Contract – 21 Mosswood Road,,,8
2026-03-24,9,Contract No. 32400052 Amendment: Berry Brothers Towing and Transport Inc.,,"$150,000.00",2
2026-03-24,10,"Contract: Lehr Upfitters OPCO dba Lehr Auto for Police Vehicle Supplies, Equipment, and Installation Services",,"$1,500,000.00",1
2026-03-24,11,"Contract: Peterson Trucks, Inc. for Heavy Duty Vehicle Parts and Service",,"$300,000.00",2
2026-03-24,12,"Contract: Terocons, Inc. for FY 2026 Curb Ramp & Sidewalk Repair Project",,"$4,207,883.00",1
2026-03-24,13,Contracts: Pavement and Safety Improvement/Program Management Consulting Services for Measure FF-funded Projects,,"$11,400,000.00",1
2026-03-24,14,Contracts: Multi-Disciplinary On-Call Professional Services for Capital Improvement Projects,,"$33,200,000.00",2
2026-03-24,15,Reappointment of Edward Opton to the Mental Health Commission,,,9
2026-03-24,16,Develop an educational event for the Berkeley Community to increase awareness of impacts of the Alien Enemies Act,,,9
2026-03-24,17,Re-affirm City of Berkeley Commitment to Free Speech,,,3
2026-03-24,18,Whistleblower Investigation Report on Ambulance Purchase,,,9
2026-03-24,19,2026 Holocaust Remembrance Day Program: Relinquishment of Council Office Budget Funds from General Funds and Grant of Such Funds,"Taplin, Tregub","$1,000.00",3
2026-03-24,20,Referral to the City Manager: Banning the Sale and Use of Glue Traps,"Tregub, Taplin",,9
2026-03-24,21,Letter of Gratitude to the Metropolitan Transportation Commission for their Support of Full Implementation of a Strong Transit-Oriented Communities Policy,Tregub,,2
2026-03-24,22,Berkeley High School National Society of Black Engineers Junior Chapter: Relinquishment of Council Office Budget Funds to the General Fund and Grant  of Such Funds,OKeefe,"$1,000.00",3
2026-03-24,23,Make Music Day: Relinquishment of Council Office Budget Funds to the General  Fund and Grant of Such Funds,OKeefe,"$1,500.00",3
2026-03-24,24,Berkeley Public Schools Fund Spring Luncheon 2026: Relinquishment of Council Office Budget Funds to General Fund and Grant of Such Fund,Blackaby,"$1,500.00",3
